Designator,Footprint,Quantity,Value,LCSC Part #
C37,C_0402_1005Metric,1,100n,
C40,C_0402_1005Metric,1,1u,
R62,R_0402_1005Metric,1,10K,
R33,R_0402_1005Metric,1,10K,
C4,C_0402_1005Metric,1,100n,
R45,R_0402_1005Metric,1,R,
C3,C_0402_1005Metric,1,100n,
TP1,TestPoint_Pad_D1.0mm,1,TP_MCU2_SCK,
R29,R_0402_1005Metric,1,22R,
U7,SOP-8_3.76x4.96mm_P1.27mm,1,APS6404L-3SQR,
C5,C_0402_1005Metric,1,100n,
R42,R_0402_1005Metric,1,R,
C32,C_0402_1005Metric,1,100n,
R17,R_0402_1005Metric,1,5k1,
C16,C_0402_1005Metric,1,100n,
C28,C_0402_1005Metric,1,12p,
R21,R_0402_1005Metric,1,22R,
C39,C_0402_1005Metric,1,1u,
R37,R_0402_1005Metric,1,10k,
U8,SOP-8_3.76x4.96mm_P1.27mm,1,APS6404L-3SQR,
TP2,TestPoint_Pad_D1.0mm,1,TP_MCU2_CS,
R24,R_0402_1005Metric,1,22R,
C19,C_0402_1005Metric,1,100n,
C8,C_0402_1005Metric,1,100n,
R43,R_0402_1005Metric,1,R,
U1,SOP-8_3.76x4.96mm_P1.27mm,1,APS6404L-3SQR,
C54,C_0402_1005Metric,1,100n,
C10,C_0603_1608Metric,1,10u,
C12,C_0402_1005Metric,1,12p,
D1,WS2812B-2020,1,WS2812B-2020,
U16,QFN-56_EP_7x7_Pitch0.4mm,1,RP2040,
JP2,SolderJumper-2_Small_Closed,1,SolderJumper_2_Bridged,
C36,C_0402_1005Metric,1,100n,
R30,R_0402_1005Metric,1,22R,
R54,R_0402_1005Metric,1,R,
U15,QFN-56_EP_7x7_Pitch0.4mm,1,RP2040,
C47,C_0402_1005Metric,1,1u,
Y2,Crystal_SMD_2520-4Pin_2.5x2.0mm,1,12MHz 10ppm,C521567
FB1,L_0603_1608Metric,1,Ferrite,
R48,R_0402_1005Metric,1,R,
C38,C_0402_1005Metric,1,1u,
Y1,Crystal_SMD_2520-4Pin_2.5x2.0mm,1,12MHz 10ppm,C521567
R20,R_0402_1005Metric,1,22R,
U6,SOP-8_3.76x4.96mm_P1.27mm,1,APS6404L-3SQR,
U5,SOP-8_3.76x4.96mm_P1.27mm,1,APS6404L-3SQR,
R50,R_0402_1005Metric,1,R,
R56,R_0402_1005Metric,1,R,
R2,R_0402_1005Metric,1,10K,
R26,R_0402_1005Metric,1,22R,
J1,USB_C_Receptacle_GT-USB-7010,1,USB_C_Receptacle_USB2.0,
C31,C_0402_1005Metric,1,100n,
C2,C_0402_1005Metric,1,100n,
U2,SOP-8_3.76x4.96mm_P1.27mm,1,APS6404L-3SQR,
C30,C_0402_1005Metric,1,100n,
U9,SOP-16_4.4x10.4mm_P1.27mm,1,SN74LVC138AQDRQ1,
SW1,SW_SPST_FSMSM,1,BootButton,
R41,R_0402_1005Metric,1,10k,
U10,SOIC-8_5.23x5.23mm_P1.27mm,1,W25Q128JVS,
R31,R_0402_1005Metric,1,22R,
C9,C_0402_1005Metric,1,100n,
R10,R_0402_1005Metric,1,22R,
C52,C_0402_1005Metric,1,100n,
C11,C_0402_1005Metric,1,12p,
J3,microSD_HC_Molex_104031-0811,1,Micro_SD_Card_Det,
U13,SOT-223,1,AZ1117-3.3,
R59,R_0402_1005Metric,1,R,
R5,R_0402_1005Metric,1,22R,
R53,R_0402_1005Metric,1,R,
R15,R_0402_1005Metric,1,22R,
C44,C_0402_1005Metric,1,1u,
C7,C_0402_1005Metric,1,100n,
C18,C_0402_1005Metric,1,100n,
C24,C_0402_1005Metric,1,1u,
Q2,SOT-23,1,FDN340P,C347510
R12,R_0402_1005Metric,1,22R,
C41,C_0402_1005Metric,1,1u,
R19,R_0402_1005Metric,1,10k,
TP3,TestPoint_Pad_D1.0mm,1,TP_MCU2_DIO,
U11,SOT-353_SC-70-5,1,74LVC1G125GW,
R6,R_0402_1005Metric,1,22R,
JP1,SolderJumper-2_Small_Open,1,SolderJumper_2_Open,
D2,LED_WS2812B_PLCC4_5.0x5.0mm_P3.2mm,1,WS2812B,
R44,R_0402_1005Metric,1,R,
C50,C_0402_1005Metric,1,100n,
C45,C_0402_1005Metric,1,1u,
R25,R_0402_1005Metric,1,22R,
Q1,SOT-23,1,FDN340P,C347510
R39,R_0402_1005Metric,1,1K,
C57,C_0402_1005Metric,1,100n,
U17,ESP32-C3-WROOM-02,1,ESP32-C3-WROOM-02,
C51,C_0402_1005Metric,1,100n,
R4,R_0402_1005Metric,1,22R,
C20,C_0402_1005Metric,1,100n,
C1,C_0402_1005Metric,1,100n,
R27,R_0402_1005Metric,1,22R,
C6,C_0402_1005Metric,1,100n,
R1,R_0402_1005Metric,1,10K,
R58,R_0402_1005Metric,1,R,
C42,C_0402_1005Metric,1,1u,
C13,C_0603_1608Metric,1,10u,
C49,C_0402_1005Metric,1,100n,
C33,C_0402_1005Metric,1,100n,
R18,R_0402_1005Metric,1,5k1,
R36,R_0402_1005Metric,1,22R,
C56,C_0402_1005Metric,1,100n,
C27,C_0402_1005Metric,1,12p,
R13,R_0402_1005Metric,1,22R,
C26,C_0402_1005Metric,1,100n,
R34,R_0402_1005Metric,1,10K,
R3,R_0402_1005Metric,1,100k,
D3,SOT-143,1,DRTR5V0U2SR-7,C443828
R28,R_0402_1005Metric,1,22R,
R47,R_0402_1005Metric,1,R,
C22,C_0402_1005Metric,1,100n,
R46,R_0402_1005Metric,1,R,
R38,R_0402_1005Metric,1,10k,
R52,R_0402_1005Metric,1,R,
R8,R_0402_1005Metric,1,22R,
C21,C_0402_1005Metric,1,1u,
D4,D_SMA,1,D_Small,C22452
C43,C_0402_1005Metric,1,1u,
U3,SOP-8_3.76x4.96mm_P1.27mm,1,APS6404L-3SQR,
C14,C_0603_1608Metric,1,10u,
R51,R_0402_1005Metric,1,R,
R32,R_0402_1005Metric,1,22R,
JP3,SolderJumper-2_Small_Closed,1,SolderJumper_2_Bridged,
R61,R_0402_1005Metric,1,R,
C29,C_0402_1005Metric,1,100n,
R16,R_0402_1005Metric,1,22R,
C35,C_0402_1005Metric,1,1u,
C48,C_0402_1005Metric,1,100n,
C34,C_0402_1005Metric,1,100n,
C55,C_0402_1005Metric,1,100n,
R7,R_0402_1005Metric,1,22R,
C17,C_0402_1005Metric,1,100n,
R9,R_0402_1005Metric,1,22R,
R49,R_0402_1005Metric,1,R,
R57,R_0402_1005Metric,1,R,
U4,SOP-8_3.76x4.96mm_P1.27mm,1,APS6404L-3SQR,
C23,C_0402_1005Metric,1,100n,
R35,R_0402_1005Metric,1,22R,
R14,R_0402_1005Metric,1,22R,
R60,R_0402_1005Metric,1,R,
R40,R_0402_1005Metric,1,470R,
R22,R_0402_1005Metric,1,22R,
C25,C_0402_1005Metric,1,1u,
C46,C_0402_1005Metric,1,1u,
C53,C_0402_1005Metric,1,100n,
C15,C_0402_1005Metric,1,100n,
R11,R_0402_1005Metric,1,22R,
R55,R_0402_1005Metric,1,R,
R23,R_0402_1005Metric,1,22R,
U14,N64-Connector,1,N64-Cartridge,
J2,PinHeader_2x06_P2.54mm_Vertical_SMD,1,Conn_02x06_Odd_Even,
SW2,SW_SPST_FSMSM,1,ResetButton,
