﻿designator,quantity,value,pack,mpn,mount_type
"C10, C11, C13, C14, C15, C16, C5, C6, C9",9,100nF,C_0402_1005Metric,,smt
"C1001, C1002, C7, C8",4,1uF,C_0402_1005Metric,,smt
"C3, C4",2,30pF,C_0402_1005Metric,,smt
CART 12v,1,CART 12V,BarrelJack_CUI_PJ-036AH-SMT_Horizontal,,smt
"CON2, CON3",2,HDR1X3,PinSocket_1x03_P2.54mm_Vertical,,tht
F1,1,1.1A,Fuse_1206_3216Metric,,smt
"H1, H2, H3, H4",4,MountingHole_Pad,MountingHole_2.2mm_M2_ISO7380_Pad_TopBottom,,tht
J1,1,USB_C_Receptacle_USB2.0,HRO-TYPE-C-31-M-12_LCSC,,smt
"R1, R2",2,5k1,R_0402_1005Metric,,smt
R1001,1,1K,R_0402_1005Metric,,smt
"R3, R4",2,27,R_0402_1005Metric,,smt
"RP_SW1, RP_SW2",2,SW_Push,SW_SPST_TL3342,,smt
U1001,1,SRV05-4,SOT-23-6,,smt
U1002,1,AMS1117-3.3,SOT-223,,smt
U2,1,N64-Cartridge,N64-CONN,,tht
U3,1,W25Q128JVS,SOIC-8_5.23x5.23mm_P1.27mm,,smt
U4,1,RP2040,RP2040-QFN-56,,smt
Y1,1,Crystal_GND24,Crystal_SMD_3225-4Pin_3.2x2.5mm,,smt
kibuzzard-665BAD6D,1,G***,kibuzzard-665BAD6D,,tht
kibuzzard-665BADED,1,G***,kibuzzard-665BADED,,tht
kibuzzard-665BAE91,1,G***,kibuzzard-665BAE91,,tht
