﻿pos_x,pos_y,rotation,side,designator,mpn,pack,value,mount_type,place
111.006,-84.039,-90.0,top,C10,,C_0402_1005Metric,100nF,smt,True
128.274,-56.073,-90.0,top,C1001,,C_0402_1005Metric,1uF,smt,True
136.394,-56.073,-90.0,top,C1002,,C_0402_1005Metric,1uF,smt,True
111.456,-88.249,180.0,top,C11,,C_0402_1005Metric,100nF,smt,True
101.396,-88.249,0.0,top,C13,,C_0402_1005Metric,100nF,smt,True
101.846,-84.039,-90.0,top,C14,,C_0402_1005Metric,100nF,smt,True
106.986,-82.219,-90.0,top,C15,,C_0402_1005Metric,100nF,smt,True
108.426,-92.809,180.0,top,C16,,C_0402_1005Metric,100nF,smt,True
102.716,-92.279,-90.0,top,C3,,C_0402_1005Metric,30pF,smt,True
107.486,-94.559,0.0,top,C4,,C_0402_1005Metric,30pF,smt,True
106.066,-82.219,-90.0,top,C5,,C_0402_1005Metric,100nF,smt,True
108.426,-91.889,180.0,top,C6,,C_0402_1005Metric,100nF,smt,True
108.246,-82.219,-90.0,top,C7,,C_0402_1005Metric,1uF,smt,True
109.166,-82.219,-90.0,top,C8,,C_0402_1005Metric,1uF,smt,True
110.086,-82.219,-90.0,top,C9,,C_0402_1005Metric,100nF,smt,True
106.58,-51.333,180.0,top,CART 12v,,BarrelJack_CUI_PJ-036AH-SMT_Horizontal,CART 12V,smt,True
65.913,-65.024,0.0,top,CON2,,PinSocket_1x03_P2.54mm_Vertical,HDR1X3,tht,True
65.898,-57.516,180.0,top,CON3,,PinSocket_1x03_P2.54mm_Vertical,HDR1X3,tht,True
125.73,-53.887,180.0,top,F1,,Fuse_1206_3216Metric,1.1A,smt,True
63.246,-124.841,0.0,top,H1,,MountingHole_2.2mm_M2_ISO7380_Pad_TopBottom,MountingHole_Pad,tht,True
63.246,-44.831,0.0,top,H2,,MountingHole_2.2mm_M2_ISO7380_Pad_TopBottom,MountingHole_Pad,tht,True
140.462,-45.085,0.0,top,H3,,MountingHole_2.2mm_M2_ISO7380_Pad_TopBottom,MountingHole_Pad,tht,True
140.97,-124.587,0.0,top,H4,,MountingHole_2.2mm_M2_ISO7380_Pad_TopBottom,MountingHole_Pad,tht,True
125.73,-45.847,180.0,top,J1,,HRO-TYPE-C-31-M-12_LCSC,USB_C_Receptacle_USB2.0,smt,True
123.952,-118.364,90.0,top,Logo,,LOGO,LOGO,tht,False
130.75,-45.837,90.0,top,R1,,R_0402_1005Metric,5k1,smt,True
107.046,-93.169,-90.0,top,R1001,,R_0402_1005Metric,1K,smt,True
120.7,-45.847,90.0,top,R2,,R_0402_1005Metric,5k1,smt,True
107.14898,-80.379,90.0,top,R3,,R_0402_1005Metric,27,smt,True
108.08898,-80.379,90.0,top,R4,,R_0402_1005Metric,27,smt,True
131.958,-76.175,90.0,top,RP_SW1,,SW_SPST_TL3342,SW_Push,smt,True
131.948,-86.462,90.0,top,RP_SW2,,SW_SPST_TL3342,SW_Push,smt,True
125.73,-51.067,0.0,top,U1001,,SOT-23-6,SRV05-4,smt,True
132.334,-59.563,-90.0,top,U1002,,SOT-223,AMS1117-3.3,smt,True
83.058,-114.756,180.0,top,U2,,N64-CONN,N64-Cartridge,tht,False
102.656,-78.479,90.0,top,U3,,SOIC-8_5.23x5.23mm_P1.27mm,W25Q128JVS,smt,True
106.426,-87.249,0.0,top,U4,,RP2040-QFN-56,RP2040,smt,True
104.876,-93.469,90.0,top,Y1,,Crystal_SMD_3225-4Pin_3.2x2.5mm,Crystal_GND24,smt,True
131.699,-110.109,90.0,top,kibuzzard-665BAD6D,,kibuzzard-665BAD6D,G***,tht,False
93.472,-86.233,90.0,top,kibuzzard-665BADED,,kibuzzard-665BADED,G***,tht,False
83.312,-124.333,90.0,top,kibuzzard-665BAE91,,kibuzzard-665BAE91,G***,tht,False
